GHCN_ID,NAME,LATITUDE,LONGITUDE,ELEVATION,ISO_CODE
INM00043277,TIRUTTANI,13.15,79.533,87.0,IN
INI0000VADU,DIU APRT,20.715,70.922,9.1,IN
INM00043230,DAVANGERE,14.5,75.917,620.0,IN
INI0000VOBL,BANGALURU INTL AIRPORT / KEMP,13.2,77.7,915.0,IN
INM00043310,LONG ISLAND,12.417,92.933,25.0,IN
INM00042567,KHAJURAHO,24.983,79.917,217.0,IN
INM00042383,MOTIHARI,26.667,84.917,66.0,IN
INM00043325,SALEM,11.65,78.167,278.0,IN
INM00042706,BANKURA,23.383,87.083,100.0,IN
INM00042661,RATLAM,23.317,75.05,486.0,IN
INM00042174,PILANI,28.333,75.583,301.0,IN
INM00042381,AZAMGARH,26.05,83.217,78.0,IN
INM00042261,AGRA,27.167,78.033,169.0,IN
INM00042671,SAGAR,23.85,78.75,551.0,IN
INI0000VARK,RAJKOT,22.309,70.78,134.4,IN
INM00043187,NARSAPUR,16.433,81.7,4.0,IN
INM00042730,OKHA,22.483,69.117,7.0,IN
INM00042270,KHERI,27.9,80.8,147.0,IN
INM00042467,NOWGONG,25.067,79.45,229.0,IN
INM00042933,AKOLA,20.7,77.033,282.0,IN
INM00043382,NANCOWRY,7.983,93.533,26.0,IN
INM00043137,KHAMMAM,17.25,80.15,112.0,IN
INM00043005,T B I A,19.15,72.0,12.0,IN
INM00042832,KESHOD,21.317,70.317,50.0,IN
INM00042104,NAHAN,30.4,76.767,958.0,IN
INM00042795,CHAIBASA,22.55,85.817,226.0,IN
INM00042395,FORBESGANJ,26.3,87.267,61.0,IN
INM00042740,SURENDRANAGAR,22.733,71.6,74.0,IN
INM00043330,THANJAVUR,10.783,79.133,68.0,IN
INM00043367,CAR NICOBAR,9.167,92.833,10.0,IN
INM00042079,SUNDERNAGAR,31.533,76.9,874.0,IN
INM00043012,JALNA,19.833,75.8,538.0,IN
INM00043029,CHANDRAPUR,19.967,79.3,193.0,IN
INM00042937,AMRAOTI,20.933,77.783,370.0,IN
INM00043161,BIJAPUR,16.817,75.717,594.0,IN
INM00043301,DHARMAPURI,12.133,78.033,396.0,IN
INM00043071,JEUR,18.2,75.2,521.0,IN
INM00042639,NEW KANDLA,23.0,70.217,14.0,IN
INM00042469,HAMIRPUR,25.95,80.15,109.0,IN
INM00043053,PURI,19.8,85.817,6.0,IN
INM00043338,ERODE,11.483,77.767,172.0,IN
INM00043243,KAVALI,14.9,79.983,17.0,IN
INM00043342,K. PARAMATHY,10.95,78.083,181.0,IN
INM00042527,KOHIMA,25.633,94.167,1406.0,IN
INM00042139,MEERUT,29.017,77.717,222.0,IN
INM00043025,ADILABAD,19.65,78.533,269.0,IN
INM00043331,M.O. PONDICHERRY,11.967,79.817,38.0,IN
INM00042328,JAISALMER,26.9,70.917,231.0,IN
INM00043359,MADURAI,9.917,78.117,133.0,IN
INM00042851,JALGAON,21.05,75.567,201.0,IN
INM00042883,SAMBALPUR,21.467,83.967,148.0,IN
INM00042523,LUMDING,25.75,93.183,149.0,IN
INM00042939,WARDHA,20.667,78.583,283.0,IN
INM00043339,KODAIKANAL,10.233,77.467,2343.0,IN
INM00042343,AJMER,26.45,74.617,486.0,IN
INM00043376,PALAYANKOTTAI,8.733,77.75,51.0,IN
INM00043275,TIRUPATHI,13.667,79.583,105.0,IN
INM00042776,MANDLA,22.583,80.367,443.0,IN
INM00042456,SHEOPUR,25.667,76.683,235.0,IN
INM00042447,BHILWARA,25.35,74.633,425.0,IN
INM00042963,BOLANGIR,20.7,83.5,190.0,IN
INM00042771,SEONI,22.083,79.55,619.0,IN
INM00042901,DIGHA,21.617,87.5,6.0,IN
INM00043060,MATHERAN,18.983,73.283,695.0,IN
INM00043340,YERCAUD,11.75,78.167,1463.0,IN
INM00042170,CHURU,28.25,74.917,291.0,IN
INM00043083,MEDAK,18.05,78.267,472.0,IN
INI0000VOBM,BELGAUM AIRPORT / BELAGAVI,15.85,74.617,747.0,IN
INM00042220,PASIGHAT,28.1,95.383,157.0,IN
INM00042165,BIKANER,28.0,73.3,224.0,IN
INM00043182,NANDIGAMA,16.783,80.283,51.0,IN
INM00042709,BURDWAN,23.233,87.85,30.0,IN
INM00042849,KHARGONE,21.817,75.617,251.0,IN
INM00042026,GULMARG,34.05,74.4,2655.0,IN
INM00043318,COONOOR,11.35,76.8,1747.0,IN
INM00042834,AMRELI,21.6,71.217,115.0,IN
INM00043302,BANGALORE / HAL AIRPORT BENGA,12.95,77.668,887.6,IN
INM00043105,KALINGAPATAM,18.333,84.133,6.0,IN
INM00043379,TUTICORIN NEW PORT,8.75,78.183,2.0,IN
INM00042588,DEHRI,24.917,84.183,107.0,IN
INM00042810,BASIRHAT,22.65,88.867,4.0,IN
INM00042838,BHAUNAGAR,21.75,72.2,5.0,IN
INI0000VEBN,LAL BAHADUR SHASTRI VARANASI,25.45,82.867,81.1,IN
INM00042279,BASTI,26.8,82.733,89.0,IN
INM00042557,RAJGARH,24.0,76.717,382.0,IN
INM00043225,KARWAR,14.783,74.133,4.0,IN
INI0000VIDD,SAFDARJUNG,28.585,77.206,214.9,IN
INM00042767,PACHMARHI,22.467,78.433,1075.0,IN
INM00042468,ORAI,25.983,79.5,141.0,IN
INI0000VIDP,INDIRA GANDHI INTL,28.567,77.103,236.8,IN
INM00043272,CHINTAMANI,13.2,78.067,857.0,IN
INM00043113,SATARA,17.517,74.05,612.0,IN
INM00042693,AMBIKAPUR,23.167,83.25,611.0,IN
INM00043097,KORAPUT,18.817,82.717,913.0,IN
INM00042654,GANDHINAGAR,23.233,72.717,82.0,IN
INM00042631,NALIYA,23.25,68.85,21.0,IN
INM00043311,M.O. AMINI,11.117,72.733,3.0,IN
INM00042114,TEHRI,30.4,78.483,770.0,IN
INM00042435,BARMER,25.75,71.383,194.0,IN
INI0000VABB,CHHATRAPATI SHIVAJI MAHARAJ I,19.089,72.868,11.3,IN
INM00042846,NANDURBAR,21.333,74.25,206.0,IN
INM00043348,ATIRAMAPATTINAM,10.333,79.383,6.0,IN
INM00043133,NALGONDA,17.0,79.25,227.0,IN
INM00043021,NANDED,19.083,77.333,358.0,IN
INM00043361,TONDI,9.733,79.033,5.0,IN
INI0000VABI,BILASPUR,21.988,82.111,274.0,IN
INM00043001,DAHANU,19.967,72.717,5.0,IN
INM00042618,KAILASHAHAR,24.317,92.0,30.0,IN
INM00042925,MALEGAON,20.55,74.533,437.0,IN
INM00042768,CHHINDWARA,22.1,79.0,685.0,IN
INM00043185,MACHILIPATNAM/FRANCHPET,16.2,81.15,3.0,IN
INM00043069,BARAMATI,18.15,74.583,551.0,IN
INM00043017,PARBHANI,19.133,76.833,422.0,IN
INM00043358,KOVILANGULAM,9.55,78.083,103.0,IN
INI0000VIJO,JODHPUR,26.251,73.049,218.5,IN
INM00042237,PHALODI,27.133,72.367,234.0,IN
INI0000VELP,LENGPUI,23.841,92.62,426.1,IN
INM00042970,CUTTACK,20.467,85.933,27.0,IN
INM00043057,BOMBAY / COLABA,18.9,72.817,11.0,IN
INM00042943,YEOTMAL,20.4,78.15,451.0,IN
INM00042473,BANDA,25.467,80.367,121.0,IN
INM00042407,GOALPARA,26.183,90.633,38.0,IN
INM00043354,PUNALUR,9.0,76.917,34.0,IN
INM00043076,UDGIR,18.067,77.117,639.0,IN
INM00042799,JAMSHEDPUR,22.817,86.183,129.0,IN
INM00042065,MANALI,32.267,77.167,2039.0,IN
INM00042793,ROURKELA,22.217,84.883,196.0,IN
INM00042296,KALIMPONG,27.067,88.467,1209.0,IN
INM00042619,SILCHAR,24.75,92.8,29.0,IN
INM00043377,KANNIYAKUMARI,8.083,77.5,37.0,IN
INM00042483,VARANASI,25.3,83.017,90.0,IN
INM00042946,BRAMHAPURI,20.6,79.85,229.0,IN
INM00042891,KEONGJHARGARH,21.617,85.517,463.0,IN
INI0000VELR,LILABARI,27.295,94.098,100.6,IN
INM00042488,CHAPRA,25.783,84.733,58.0,IN
INM00043168,MAHABUBNAGAR,16.75,78.0,505.0,IN
INM00042413,MAJBAT,26.75,92.35,120.0,IN
INI0000VOCL,CALICUT,11.137,75.955,104.2,IN
INM00043315,CANNUR,11.833,75.333,18.0,IN
INM00042860,BETUL,21.867,77.933,653.0,IN
INM00043228,KOPPAL,15.35,76.15,532.0,IN
INM00043357,THRISSUR,10.517,76.217,39.0,IN
INM00042916,DAMAN,20.417,72.85,12.0,IN
INM00042894,BARIPADA,21.933,86.767,54.0,IN
INM00042715,MALANJKHAND,22.0,80.7,581.0,IN
INM00043363,PAMBAN,9.283,79.217,11.0,IN
INI0000VAKD,KHANDWA,21.833,76.367,318.0,IN
INM00043177,RENTACHINTALA,16.55,79.55,106.0,IN
INM00042077,UNA,31.467,76.267,369.0,IN
INM00043147,TUNI,17.35,82.55,35.0,IN
INI0000VEMN,DIBRUGARH,27.484,95.017,110.3,IN
INM00043314,KOZHIKODE,11.25,75.783,5.0,IN
INI0000VABV,BHAVNAGAR,21.752,72.185,13.4,IN
INM00042083,SHIMLA,31.1,77.167,2202.0,IN
INM00042731,DWARKA,22.367,69.083,11.0,IN
INM00042471,FATEHPUR,25.933,80.833,114.0,IN
INM00043150,CWC VISHAKHAPATNAM/WALTAIR,17.7,83.3,66.0,IN
INM00042674,DAMOH,23.833,79.45,371.0,IN
INM00042662,UJJAIN,23.183,75.783,489.0,IN
INM00043109,HARNAI,17.817,73.1,20.0,IN
INM00042705,BANGALURU INTL AIRPORT / KEMP,13.2,77.7,915.0,IN
INM00043200,DHARWAD,15.483,74.983,678.0,IN
INM00043121,GULBARGA,17.35,76.85,458.0,IN
INM00042399,JALPAIGURI,26.533,88.717,83.0,IN
INI0000VIJP,JAIPUR,26.824,75.812,385.0,IN
INI0000VIBY,BAREILLY,28.422,79.451,176.8,IN
INM00043227,HAVERI,14.783,75.4,573.0,IN
INM00042101,PATIALA,30.333,76.467,251.0,IN
INM00043278,NUMGAMBAKKAM,13.067,80.2,7.0,IN
INM00042081,BHUNTAR,31.833,77.167,1084.0,IN
INM00042679,UMARIA,23.533,80.883,459.0,IN
INM00042562,TIKAMGARH,24.767,78.833,345.0,IN
INM00043287,MADIKERI,12.417,75.733,1153.0,IN
INM00043241,CUDDAPAH,14.483,78.833,130.0,IN
INM00043309,MAYA BANDAR,12.917,92.917,28.0,IN
INM00043081,NIZAMABAD,18.667,78.1,381.0,IN
INM00042961,TITLAGARH,20.3,83.3,211.0,IN
INI0000VEBS,BHUBANESHWAR / BIJU PATNAIK I,20.244,85.818,42.1,IN
INM00042459,SHIVPURI,25.333,77.65,464.0,IN
INM00042900,CONTAI,21.783,87.75,11.0,IN
INI0000VIJN,JHANSI,25.491,78.558,244.1,IN
INM00042744,VALLABH VIDYANAGAR,22.567,72.933,44.0,IN
INI0000VILH,LEH,34.136,77.547,3255.9,IN
INI0000VAOZ,OZAR AIR FORCE STATION /NASHI,20.119,73.914,598.0,IN
INM00042763,HOSHANGABAD,22.767,77.767,302.0,IN
INM00043111,MAHABALESHWAR,17.933,73.667,1382.0,IN
INM00043058,ALIBAG,18.633,72.867,7.0,IN
INM00042299,GANGTOK,27.333,88.617,1756.0,IN
INI0000VOHB,HUBLI / HUBBALLI,15.35,75.083,661.3,IN
INM00042062,DHARMSALA,32.267,76.383,1211.0,IN
INM00042931,BULDANA,20.533,76.233,650.0,IN
INM00042805,ULUBERIA,22.5,87.95,5.0,IN
INI0000VERC,BIRSA MUNDA,23.314,85.322,654.7,IN
INM00042803,MIDNAPORE,22.417,87.317,45.0,IN
INM00042948,RAJNANDGAON,21.1,81.033,329.0,IN
INM00042727,AIJAL,23.733,92.717,1097.0,IN
INM00042498,BHAGALPUR,25.233,86.95,49.0,IN
INM00043125,BIDAR,17.917,77.533,663.0,IN
INM00042792,SUNDARGARH,22.117,84.033,240.0,IN
INM00042249,SIKAR,27.617,75.133,433.0,IN
INI0000VOHS,HYDERABAD INTL AIRPORT / RAJI,17.233,78.417,617.0,IN
INM00042414,CHAPARMUKH,26.2,92.517,66.0,IN
INM00043317,UDHAGAMANDALAM,11.4,76.733,2249.0,IN
INM00043324,ARIYALUR,11.167,79.0,747.0,IN
INM00042143,NAJIBABAD,29.617,78.383,270.0,IN
INM00043266,M.O. AGATHI AIRPORT,10.85,72.467,3.0,IN
INM00043364,HUT BAY,10.583,92.55,5.0,IN
INM00043042,BHAWANIPATNA,19.917,83.183,261.0,IN
INM00042812,CANNING,22.25,88.667,4.0,IN
INM00043136,BHADRACHALAM,17.667,80.883,54.0,IN
INM00043263,HASSAN,12.967,76.333,955.0,IN
INI0000VABP,BHOPAL / RAJA BHOJ,23.287,77.337,524.0,IN
INM00043271,AROGYAVARAM,13.533,78.5,701.0,IN
INM00043087,HANAMKONDA,18.017,79.567,269.0,IN
INM00042266,SHAHJAHANPUR,27.883,79.9,155.0,IN
INI0000VEPT,JAI PRAKASH NARAYAN INTL PATN,25.591,85.088,51.8,IN
INI0000VIAR,AMRITSAR,31.71,74.797,230.4,IN
INM00042271,HARDOI,27.383,80.167,142.0,IN
INI0000VOVR,VELLORE,12.917,79.15,214.0,IN
INM00043356,PERIAKULAM,10.0,77.133,300.0,IN
INM00042973,CHANDBALI,20.783,86.733,6.0,IN
INM00042711,KRISHNANAGAR,23.4,88.517,15.0,IN
INM00042420,GOLAGHAT,26.517,93.983,95.0,IN
INM00042874,PBO RAIPUR,21.233,81.65,298.0,IN
INM00042603,BERHAMPORE,24.133,88.267,19.0,IN
INM00043207,PARANGIPETTAI,11.5,79.767,3.0,IN
INM00042976,PARADIP (C.W.R.),20.3,86.683,8.0,IN
INM00042187,MORADABAD,28.833,78.75,202.0,IN
INM00043341,VALPARAI,10.283,77.0,1041.0,IN
INM00042577,SIDHI,24.417,81.867,272.0,IN
INM00043011,BIR,19.0,75.717,519.0,IN
INM00042408,RANGIA,26.433,91.617,60.0,IN
INM00042546,CHITTORGARH,24.883,74.633,404.0,IN
INI0000VIHR,HISAR,29.179,75.755,213.4,IN
INI0000VAGD,GONDIA ARPT/BIRSI,21.524,80.288,300.8,IN
INM00042387,MUZAFFARPUR,26.117,85.4,53.0,IN
INI0000VICX,KANPUR CHAKERI,26.404,80.41,123.4,IN
INM00043335,PALAKKAD,10.767,76.65,97.0,IN
INM00042969,ANGUL,20.833,85.1,139.0,IN
INM00043169,RAICHUR,16.2,77.35,400.0,IN
INM00042830,PORBANDAR,21.65,69.667,5.0,IN
